	chr	pos	score	A_A	B_A	A_C	B_C	A_G	B_G	A_T	B_T	haplotypeA	haplotypeB
0	1	10556	408.2737121582031	0.0	0.0	0.0	0.0	51.0	0.0	0.0	51.0	GG	TT
1	1	10568	408.2737121582031	51.0	0.0	0.0	0.0	0.0	0.0	0.0	51.0	AA	TT
